{"cameraMode":{"drawMode":0,"name":"Shaded","section":"Shading Mode"},"sceneLighting":true,"audioPlay":false,"sceneViewState":{"showFog":true,"showMaterialUpdate":false,"showSkybox":true,"showFlares":true,"showImageEffects":true,"showParticleSystems":true},"in2DMode":false,"pivot":{"x":-35.8355827331543,"y":23.64278793334961,"z":15.012253761291504},"rotation":{"x":0.22099973261356355,"y":0.6268402338027954,"z":-0.1918458342552185,"w":0.7220979928970337},"size":22.546979904174806,"orthographic":false}