{"cameraMode":{"drawMode":0,"name":"Shaded","section":"Shading Mode"},"sceneLighting":false,"audioPlay":false,"sceneViewState":{"showFog":true,"showMaterialUpdate":false,"showSkybox":false,"showFlares":true,"showImageEffects":true,"showParticleSystems":true},"in2DMode":false,"pivot":{"x":0.043552130460739139,"y":-0.2713945508003235,"z":0.03318363428115845},"rotation":{"x":0.1840628683567047,"y":0.46579813957214358,"z":-0.09971803426742554,"w":0.859775722026825},"size":3.866391897201538,"orthographic":false}